,0,1,2,3,4,5
0,0.0,0.0,0.0,0.0,0.0,0.0
1,-0.8778746734820727,-0.8713293622097426,-0.8891496415939163,-0.874084756728655,-0.8377540134943191,-4.633035108388674
2,-0.8276465805342088,-0.7595235961228232,-0.8280416676982989,-0.7604076419896937,-0.5568099431818192,-4.657991154381764
3,-0.8961386646444335,-0.8859172774070658,-0.8994416726666795,-0.8926879955801335,-0.8769893060724439,-4.868984930499341
4,-0.9084985442191158,-0.908549611914248,-0.908498544219098,-0.9085606783189226,-4.571742043454191,-3.873349860069522
5,0.0,0.0,0.0,0.0,0.0,0.0
6,-0.9089709552029904,-0.9089814149360708,-0.9089709552025378,-0.9089744776417811,-3.482932168719091,-3.070185771311792
7,-0.9077745426663059,-0.9078511694531772,-0.9077745426634228,-0.9078907687100699,-4.33234464587307,-1.0
8,-0.8946451877326003,-0.8979641048230292,-0.8967354706993491,-0.8968999587919961,-3.867445707911501,-2.4927724954900006
9,-0.9084985442294599,-0.9085594863669519,-0.9085713517796037,-0.9085324357492376,-4.3457515266157305,-1.8817648689806514
10,0.0,0.0,0.0,0.0,0.0,0.0
11,-0.9077745427321333,-0.907899680101285,-0.9079549826148765,-0.9080073942790001,-4.3801634536433784,-3.081867624206765
12,-0.9089709552038828,-0.9089936029091921,-0.9089709552040485,-0.9089832158387217,-2.5208347320271454,-3.4331936887396006
13,-0.9084985442208604,-0.9085004686352739,-0.9084985442208902,-0.9085445481996444,-2.44,-3.8128634640756003
14,-0.9089709551759094,-0.9089731181395521,-0.9089709551747954,-0.9089877051355025,-3.067125225600764,-3.110212588367028
15,0.0,0.0,0.0,0.0,0.0,0.0
16,2.9342628447220696,7.5434348478135185,2.8856694260141573,7.593252846973412,3.092257961955694,18.181818181818166
17,-0.7505644744318192,-0.8302338706745112,-0.7828317892804029,-0.8285859538514886,-4.1889146258686605,-0.8606925175272997
18,-0.12624431818181914,-0.5674605523113936,-0.7632180750642097,-0.5728553826913725,-3.3939312522727274,-0.737995715851975
19,-0.8377540134943191,-0.8729499658277665,-0.8439774330366515,-0.8737321304468668,-4.449569132525861,-0.8889822964487654
20,0.0,0.0,0.0,0.0,0.0,0.0
21,-0.88122435594397,-0.8807564705252274,-0.8815291130752402,-0.8769893060724439,-2.5309841927245547,-1.0
22,-0.8487308270059797,-0.8386952942916452,-0.837850507223231,-0.7505644744318192,-3.0389188026988645,-2.489794741
23,-0.8970488543187277,-0.8973983223983886,-0.896439431878883,-0.8946451877326003,-2.533483519331467,-3.4669695868963935
24,-0.9077745427321334,-0.9079855161595187,-0.9078954426698315,-0.9077884864149524,-4.0034989,-4.165461031218602
25,0.0,0.0,0.0,0.0,0.0,0.0
26,-0.908824344903257,-0.9088544540636393,-0.9088303490702534,-0.9088745611612995,-1.8361304226900002,-3.0500433760768537
27,-0.9061656505158515,-0.9063775829304528,-0.9064110766074956,-0.9067171808651503,-1.8,-4.539637148195037
28,-0.9025903344588437,-0.9032003944347682,-0.9029565110066885,-0.9025903344562086,-3.9676240000000007,-3.4670212435216
29,-0.9088243449028439,-0.9088275838871375,-0.908868744955938,-0.9088243449028945,-3.4629788955404806,-4.940208905164345
30,0.0,0.0,0.0,0.0,0.0,0.0
31,-0.9084985441862947,-0.9085249312727237,-0.9085600365399292,-0.9084985441789788,-4.187820985083582,-4.140334200418951
32,-0.9088243449032569,-0.9088769966708872,-0.9088303490702534,-0.9088412569537914,-1.0,-3.540434811445801
33,-0.9077745427321333,-0.9078778334158037,-0.9079827373630274,-0.9078049157171291,-3.867718980113583,-3.4951763458458838
34,-0.908824344903257,-0.9088270924811808,-0.908827388497357,-0.9088525775059689,-3.0228653859306873,-3.4630428968230604
35,0.0,0.0,0.0,0.0,0.0,0.0
36,-0.27950878,-0.18900000000000003,-0.229582,7.668673155877341,-1.0,-2.291876155443976
37,-0.5592497514219525,-0.7507994747172735,-0.7507994747172735,-0.7385511195799795,-1.8584042546875712,-1.830483621
38,-0.5703427453524679,-0.6808770171411661,-0.6824208698023126,-0.6870606199205253,-1.8256605498000003,-2.4656605498
39,-0.7514743717887075,-0.8052872080437373,-0.8137717109844356,-0.8169286827414575,-2.500209373392964,-3.7614661088399997
40,0.0,0.0,0.0,0.0,0.0,0.0
41,-0.9061656505158519,-0.9065919962129795,-0.9061708793908249,-0.9064110766074956,-3.495433775419921,-3.474292361725282
42,-0.8946451877326003,-0.8964507494775826,-0.8957140117063682,-0.8979871807268794,-3.521508520412681,-4.574981871863562
43,-0.9077745427321334,-0.907891975939407,-0.908170716647644,-0.9079137578995476,-4.157579444833589,-4.217590935074877
44,-0.8979531497014022,-0.8980256966241408,-0.8946451877326003,-0.8986961243348075,-4.334211901002588,-4.874862421471176
45,0.0,0.0,0.0,0.0,0.0,0.0
46,-0.9074548544232552,-0.9072936931569582,-0.9061656505158515,-0.9068986593741998,-3.8910958239237323,-4.645519951720512
47,-0.8801030917983114,-0.8836008837373324,-0.8769893060724439,-0.8815291130752402,-4.60914760260287,-2.5403218490835586
48,-0.9061656505158515,-0.9062813983346407,-0.9063677730084359,-0.907058433096108,-3.415420612,-1.0
49,-0.9089709552064658,-0.9090029740161271,-0.9089978827940829,-0.9089738084004328,-1.881799362682861,-4.39851856691828
50,0.0,0.0,0.0,0.0,0.0,0.0
51,-0.908824344903257,-0.9088682815844173,-0.9088264483850893,-0.9088491300705173,-4.885517775875161,-3.8896445653293945
52,-0.9084985442217167,-0.9085271363251648,-0.9084985442204012,-0.9085438135955047,-3.4275567229207917,-3.5288728162970413
53,-0.9061656503069394,-0.9065403914494995,-0.9061656503184091,-0.9063779507718215,-2.5287549084405105,-3.0032678148741
54,-0.908498544216025,-0.9086128994902012,-0.9084985442163487,-0.9085493010569577,-3.504157758313723,-1.8814289473423211
55,0.0,0.0,0.0,0.0,0.0,0.0
56,-0.1336521384437842,-0.6845541785770346,-0.6797619809637894,-0.6842413334812704,-1.8241389,-2.9833389
57,-0.34964773200000004,-0.1027800814489358,2.8489716249865285,-0.33870690000000003,-2.4735849400000003,-1.0
58,-0.7644348354606743,-0.7961020968156896,-0.80190178133744,-0.7961056490636956,-1.82984202,-1.8
59,-0.6266432445702129,-0.6252624540967446,-0.647849912849384,-0.6220777979842665,-2.4770260000000004,-2.4777469
60,0.0,0.0,0.0,0.0,0.0,0.0
61,-0.9077745427321318,-0.9078774521253851,-0.9080131157761879,-0.9077745427321315,-3.9269641448116666,-1.873885058652808
62,-0.9025903344796503,-0.9029468774919687,-0.9031382990415391,-0.902590334479652,-2.570472398093571,-4.275562565664
63,-0.9084985442294599,-0.9085346052317129,-0.9086559772932492,-0.9084985442294599,-3.9000594280090763,-3.10343965956515
64,-0.8929776777540818,-0.8894178503308449,-0.8769893060724439,-0.8896139328910394,-4.379545374400001,-3.0748927177956364
65,0.0,0.0,0.0,0.0,0.0,0.0
66,-0.9068199257452719,-0.9047671025951269,-0.9025903344796701,-0.9060464917393638,-3.519878071775939,-5.105869939038248
67,-0.8822750599288117,-0.8738870637930553,-0.8377540134943191,-0.8835254791962796,-3.8859051788033527,-4.628727715151601
68,-0.9077745427321326,-0.9079055834105315,-0.9080348938521009,-0.9077745427321326,-1.8812055068973015,-4.375360634391525
69,-0.9090369298429097,-0.909038066561746,-0.909051227421243,-0.9090369298429097,-3.873169036232897,-3.843510371613559
70,0.0,0.0,0.0,0.0,0.0,0.0
71,-0.9089709552064654,-0.9089730928606519,-0.9089787879920626,-0.9089709552064653,-3.0323514252240003,-2.521657146183183
72,-0.9077745427321333,-0.9078777814411132,-0.9081048559308011,-0.9079931117186218,-3.057027708845892,-3.8348600413255984
73,-0.9025903344796701,-0.903032234873314,-0.902601953563318,-0.9033081401697425,-4.675060951340979,-3.8245547875253894
74,-0.9077745427321333,-0.9081813329445023,-0.9080343519702917,-0.9078021493739229,-3.4512731422962863,-4.641286538854574
75,0.0,0.0,0.0,0.0,0.0,0.0
76,-0.5568099431818192,-0.752180375936438,-0.8163563103943641,-0.6667486963118413,-4.770408002763456,-4.135389787697985
77,-0.25300000000000006,-0.26020000000000004,7.681816301648014,-0.18900000000000003,-1.0,-1.0
78,-0.8377540134943191,-0.8704817794747348,-0.8778122845957006,-0.8453347958281902,-4.4590681183516,-5.06558415469266
79,-0.14441496911707025,-0.6220777979842665,-0.6197788808232803,-0.6360133915224226,-1.8,-1.0
80,0.0,0.0,0.0,0.0,0.0,0.0
81,-0.9084985442215667,-0.908501824404066,-0.9086552094346715,-0.9084985442223343,-1.8716495084157327,-1.881762658589985
82,-0.9061656504581869,-0.906655982468171,-0.9062060064234726,-0.9061656504542558,-3.508286859430533,-1.8815546758270587
83,-0.9088243449013466,-0.9088532138066474,-0.9088580032026415,-0.9088243449015073,-2.514808039674361,-3.046181746235111
84,-0.8779231962714727,-0.8759719121011837,-0.8766001523280031,-0.8826703271243812,-0.8377540134943191,-5.192210559217436
85,0.0,0.0,0.0,0.0,0.0,0.0
86,-0.9045498587812623,-0.9009226043573564,-0.9007028269930903,-0.904156663330979,-0.8946451877326003,-4.598800795467434
87,-0.8619710820574713,-0.8293584524156512,-0.8365062306686435,-0.8485200680825213,-0.7505644744318192,-4.165999819167046
88,-0.9084985441855753,-0.9086128253329131,-0.908501600439107,-0.9084985441807619,-3.4867883840659584,-2.4562
89,-0.909066618429023,-0.9090678264973312,-0.9090680041935071,-0.9090666184289784,-4.386807172703031,-4.720572052437458
90,0.0,0.0,0.0,0.0,0.0,0.0
91,-0.909036929778189,-0.909038938702172,-0.9090434538100538,-0.9090369297670972,-1.840321002312,-5.040458853013944
92,-0.9084985442050271,-0.9085551222380134,-0.908540961486926,-0.9084985442045402,-4.34199486795778,-3.1100120563990914
93,-0.9061656499123527,-0.9063894922754202,-0.906347152165574,-0.9061656499703453,-1.81701,-3.3778
94,-0.9084985440451817,-0.9085004514413249,-0.9085383564379907,-0.9084985440755333,-2.52896486872866,-4.311234470043093
95,0.0,0.0,0.0,0.0,0.0,0.0
96,-0.8033276573439191,-0.8347512417079817,-0.8369668548871612,-0.7505644744318192,-4.751741171700844,-0.859819959318219
97,2.9205493675041647,7.637418384819723,7.592099926549702,2.9351646186028644,3.1776767096867475,18.181818181818166
98,-0.8769923923140076,-0.8909339489008348,-0.891082377277796,-0.8769893060724439,-4.0934962675837365,-0.8975526497775245
99,-0.5568099431818192,-0.7461225038412624,-0.7477582822757217,-0.6234640178945103,-4.877987427375387,-0.8193490411911495
100,0.0,0.0,0.0,0.0,0.0,0.0
101,-0.899693849939047,-0.8769893060724439,-0.9004757564292096,-0.892931789484829,-4.467459018218353,-4.791337755643248
102,-0.8706882280782485,-0.7505644744318192,-0.8711447341795173,-0.8396464974824762,-4.578866255728333,-3.901714936856267
103,-0.9008928479294219,-0.8946451877326003,-0.904166837662483,-0.9012768163391905,-5.138690829413006,-5.138174138871834
104,-0.9081126314872174,-0.908241148834951,-0.9077745427321334,-0.9078581055341194,-3.8746660726310194,-3.4860941130545884
105,0.0,0.0,0.0,0.0,0.0,0.0
106,-0.9088786672896387,-0.9088756788838787,-0.908824344903257,-0.9088271193883447,-4.4600865273621455,-3.109596468031932
107,-0.9067514255906994,-0.9066521479556716,-0.9061656505158515,-0.9065358140802275,-3.460722908546427,-3.5598258422817954
108,-0.8769893060724439,-0.8899262806909041,-0.8879787354718729,-0.8905501373223365,-3.487918563796719,-2.5580231239756843
109,-0.9077745427321335,-0.9082288335760389,-0.907788219220443,-0.9078563570560576,-4.420266653965264,-4.4767475200382165
110,0.0,0.0,0.0,0.0,0.0,0.0
111,-0.906165650515852,-0.9076040000699876,-0.9071472561093058,-0.9066729814757888,-3.4672869783172007,-4.87557916683483
112,-0.9088243449032514,-0.9088436187802934,-0.9088243449032519,-0.9088758318294602,-2.5347541910412223,-1.8817751182629654
113,-0.907774542732133,-0.9078480621230074,-0.9077745427321329,-0.9078039546755338,-5.146220677479164,-3.121508863472684
114,-0.908824344903257,-0.9088787406326366,-0.9088243449032569,-0.9088550582803242,-2.4634,-3.8426174927238645
115,0.0,0.0,0.0,0.0,0.0,0.0
116,0.8109186491094444,7.681818181818174,0.8256310034701257,2.9473105297586453,-1.5421311517452052,-1.5411297352919933
117,-0.7909266059728307,-0.8262158078474409,-0.5568099431818192,-0.7536145509210165,-3.8577395074507295,-4.881802403779282
118,0.8305681818181798,-0.571646389214606,-0.5622151649059642,-0.19754327196323182,-4.037241076747056,-4.038708936346416
119,-0.7554668333764373,-0.8700363669874019,-0.7505644744318192,-0.8337157266097653,-4.603131286168586,-3.9029439991862462
120,0.0,0.0,0.0,0.0,0.0,0.0
121,-0.9028092040216473,-0.8948588193745921,-0.9028200480821229,-0.8946451877326003,-3.1086950164126814,-4.801433870100707
122,-0.8820487100840437,-0.8450615282855783,-0.88656364259353,-0.8377540134943191,-4.1623182242456345,-4.612391991766306
123,-0.9062341079814167,-0.9025929303407236,-0.9056649150975372,-0.9025903344796706,-5.276441555213708,-4.787983338611405
124,-0.9071446408307338,-0.9063360712068855,-0.9061656505158519,-0.9080416306449901,-3.862898263278607,-5.114553602233158
125,0.0,0.0,0.0,0.0,0.0,0.0
126,-0.9088302668518058,-0.9086049797630031,-0.9084985442294599,-0.9086333624913706,-3.099148245412631,-4.719585236206787
127,-0.9029118389207653,-0.9053715338196747,-0.90259033447967,-0.9047862625080252,-3.1502088374517356,-3.8983627981940936
128,-0.8946451877326003,-0.89783582279097,-0.8974187871596271,-0.8955654251528071,-2.4922492930000004,-2.5071629626981
129,-0.9084985442294599,-0.9085991992084443,-0.9087748009539428,-0.9084985442294599,-5.014114637532526,-4.605575956416082
130,0.0,0.0,0.0,0.0,0.0,0.0
131,-0.9077745427321333,-0.9077907384451048,-0.9077920747137616,-0.9077745427321334,-4.809548840783705,-4.908520719057634
132,-0.9084985442294599,-0.908622194718237,-0.9084985442294599,-0.9085051507438333,-1.8659903811049365,-4.612646975270007
133,-0.9061656505158517,-0.906191318023359,-0.9061656505158515,-0.9067377273452435,-3.5573982675327938,-3.8715170553316574
134,-0.9084985442294599,-0.9085302226564765,-0.9084985442294599,-0.9086883149165772,-4.131331698277949,-3.4724672689804805
135,0.0,0.0,0.0,0.0,0.0,0.0
136,-0.20350581944020107,1.4822003153368222,-0.1331719785895359,2.956818181818178,-3.4134887155145908,-3.6163899778794706
137,-0.7374063520210978,-0.7545692186253661,-0.12624431818181914,-0.7460443677590005,-4.6254588429603505,-4.376190176304728
138,-0.6310441502626973,-0.65939734403425,-0.6397834126709703,-0.12630337219740748,-2.449,-1.8090000000000002
139,-0.5568099431818192,-0.8294092435880249,-0.5997102160546502,-0.8283459236855999,-5.060731039440241,-5.0114362838206
140,0.0,0.0,0.0,0.0,0.0,0.0
141,-0.9039613745631968,-0.9047947544390603,-0.904163319106402,-0.9025903344796706,-4.183813556037438,-3.9357719879118984
142,-0.8986951720954551,-0.8934424017700875,-0.8971292553963252,-0.8769893060724439,-3.9067293865767088,-4.360939173686189
143,-0.907167944389508,-0.9074005472341979,-0.9079947596684699,-0.9061656505158517,-4.134175923635777,-4.852489563338613
144,-0.9046180175908048,-0.902706530731313,-0.9025903344796706,-0.9048978121143124,-3.934644029982765,-3.9290855424276625
145,0.0,0.0,0.0,0.0,0.0,0.0
146,-0.9082115351754906,-0.9077745427321333,-0.9077745427321333,-0.9085445227399356,-4.982545416505681,-4.436182217002289
147,-0.9005589441727885,-0.8946452424520717,-0.8946451877325997,-0.89907180332812,-4.1990504627910585,-3.5202197346800803
148,-0.9025903344796701,-0.9032298135204319,-0.9043022811394406,-0.9025903344796701,-4.40610425016361,-3.5128137819539864
149,-0.9088243449032571,-0.9088808145779115,-0.9088998822789827,-0.908824344903257,-3.90620599881287,-4.6503410444163364
150,0.0,0.0,0.0,0.0,0.0,0.0
151,-0.9084985442294599,-0.9085183325860617,-0.9086148604059746,-0.9084985442294599,-4.6085509423444995,-4.3467266895988255
152,-0.9077745427321334,-0.90801440986624,-0.9077745427321334,-0.9082659514488486,-3.531941395922605,-3.098029553607496
153,-0.9025903344796701,-0.9046386225265803,-0.9025903344796701,-0.9040582937572839,-4.948220839035465,-4.879364028650515
154,-0.9077745427321333,-0.9078366293121304,-0.9077745427321334,-0.9078499154688382,-3.877275351586482,-1.0
155,0.0,0.0,0.0,0.0,0.0,0.0
156,-0.584529959808809,-0.5739034680829923,-0.5576394933985915,0.8305681818181798,-4.426896789206225,-4.562967745460529
157,-0.5491501534975789,0.6093408493778302,0.8305681818181798,-0.5563224796612481,-4.236879299334402,-4.466760406461918
158,-0.5569319080670778,-0.7194678775318497,-0.733420120336652,-0.7199589730150918,-2.9739600000000004,-2.4699700000000004
159,-0.12794924300000543,-0.6392307088612902,-0.6145758333817599,-0.6273406553139929,-2.477963476,-2.4713389
160,0.0,0.0,0.0,0.0,0.0,0.0
161,-0.9073540967249191,-0.906830578199708,-0.9071194085681172,-0.9061656505158517,-2.5326377196696814,-2.5215549085464266
162,-0.8985777093068434,-0.9017425223778238,-0.8991028132303219,-0.8946451877326003,-4.309059774287934,-3.9105142740626624
163,-0.9083434759379052,-0.9084685232212895,-0.9082060715504492,-0.9077745427321334,-4.664645719350831,-3.907126520502609
164,-0.9043319888184409,-0.89560145502355,-0.8946451877326003,-0.9027315530758744,-4.860150098225377,-4.348676405954349
165,0.0,0.0,0.0,0.0,0.0,0.0
166,-0.9064801170111147,-0.9061656505158515,-0.9061656505158515,-0.9064643782171276,-4.302902333693435,-4.558615440448875
167,-0.8958584153167763,-0.8769893060724439,-0.877370039489056,-0.8939433156493152,-4.882486856728791,-3.8575833075837362
168,-0.9061656505158516,-0.9066140053035283,-0.9061946890305271,-0.9061656505158515,-3.4572813082060527,-4.097388915605258
169,-0.9089709552064659,-0.9090134199361137,-0.9089945538652227,-0.9089709552064658,-3.527717708221836,-3.3778000000000006
170,0.0,0.0,0.0,0.0,0.0,0.0
171,-0.9088243449032571,-0.9088474592607162,-0.9088308996700825,-0.908824344903257,-4.572175231317355,-4.5601918255127885
172,-0.9061656505158517,-0.9075761337735612,-0.9066383657767754,-0.9067603987841515,-2.4966836142436004,-3.5612111742809676
173,-0.8946451877326003,-0.8985703299549848,-0.8961672874694837,-0.9006969972051685,-3.0561453197923605,-4.357603864008233
174,-0.9061656505158517,-0.9072172407231759,-0.9071587086807504,-0.907431806634764,-4.541995772201844,-3.863131136183568
175,0.0,0.0,0.0,0.0,0.0,0.0
176,-0.7459628472414148,-0.7395090553626376,-0.7534963234495318,-0.12624431818181914,-4.9449235887140865,-4.776798482678081
177,-0.13817448415173372,2.941527947566681,2.956818181818178,-0.12729460260611145,-3.644810655395755,-3.666498403643609
178,-0.7505644744318192,-0.8581662036858722,-0.8563394370833166,-0.7594326433574076,-3.8731358280252284,-5.035558994517914
179,0.8305681818181798,-0.5800065889245324,-0.5528507998485158,-0.5709623369956485,-4.465314709732666,-4.3656345278574555
180,0.0,0.0,0.0,0.0,0.0,0.0
181,-0.9078609802364656,-0.9079032712566993,-0.9080192554612467,-0.9077745427321333,-3.5345759755528166,-3.519027475922606
182,-0.9034129160210396,-0.9036313523003099,-0.9040494300337845,-0.9025903344796701,-3.7954517198292006,-3.4500808120686406
183,-0.9086059386003089,-0.908750122891418,-0.9086144496764584,-0.9084985442294599,-4.13638503842715,-4.1928966559613725
184,-0.8963495328461022,-0.8769893060724439,-0.8923412715874828,-0.8964504590109351,-5.1065927989129305,-5.012525397637823
185,0.0,0.0,0.0,0.0,0.0,0.0
186,-0.9055821949051133,-0.9025903344796701,-0.9028643132634333,-0.904134950607916,-3.1038117399356127,-2.500663107006109
187,-0.8731472668749386,-0.8377540134943191,-0.8655849953269794,-0.8667007581677857,-3.5030761655573963,-2.5757161501860795
188,-0.9077745427321137,-0.9078691077472135,-0.9080457156284377,-0.9077745427321134,-4.2506868974400005,-4.343300519994106
189,-0.9090369298429097,-0.9090470220977465,-0.9090382381568306,-0.9090369298429097,-4.515575079948433,-4.133402751411084
190,0.0,0.0,0.0,0.0,0.0,0.0
191,-0.9089709552064653,-0.9089969128122614,-0.9089727782746098,-0.9089709552064653,-4.397463929684745,-3.886984554027301
192,-0.9077745427321313,-0.9077915872004941,-0.9080123238139141,-0.9077745427321308,-3.080170528265515,-3.5043073901991106
193,-0.9025903344796248,-0.9045388192501325,-0.9036589180018089,-0.9025903344796241,-3.5173004557201484,-2.524475571107572
194,-0.9077745427321218,-0.9078379582236984,-0.9079566611832673,-0.9077745427321194,-2.4699700000000004,-3.835573153347495
195,0.0,0.0,0.0,0.0,0.0,0.0
196,-0.7693115450669549,-0.7650491449806627,-0.777584591029057,-0.5582179714768798,-1.0,-1.0
197,0.806346305716609,7.681818181818174,2.8859806538611203,0.825719406170685,-1.545633558167687,-1.549799168374082
198,-0.8404227955913806,-0.8397123159619968,-0.8459992682056409,-0.8377567111757123,-1.0,-1.8491288692320027
199,-0.2122923433868915,-0.7130906142136162,-0.5597112227822869,-0.12624431818181914,-3.3939312522727274,-4.378583468426779
200,0.0,0.0,0.0,0.0,0.0,0.0
201,-0.8993824495803523,-0.8946451877326003,-0.8986755489288956,-0.8953932121258383,-3.046126066895934,-4.163232723231163
202,-0.8702057079926977,-0.8377540134943191,-0.8761362316794064,-0.8699450303838836,-1.8227700000000002,-4.51689555257971
203,-0.9038370811317392,-0.9025903344796701,-0.9044848580824462,-0.9047732542035292,-4.719851738167218,-4.762205709515831
204,-0.9087196216838926,-0.9084985442294599,-0.9084985442294599,-0.9085624614959833,-4.357749077158062,-3.1368775091690573
205,0.0,0.0,0.0,0.0,0.0,0.0
206,-0.9090107125509481,-0.9089709552064658,-0.9089709552064658,-0.9089756599155691,-4.828211407647741,-3.517848734020687
207,-0.908094473359594,-0.9077745427321333,-0.9077745427321333,-0.907944202747296,-2.5417297070726588,-4.739178098053608
208,-0.8377540134943191,-0.8892012407791872,-0.8872242562136686,-0.8765417768495347,-4.183583126305171,-4.614719300461389
209,-0.906165650515852,-0.9082613652413096,-0.9082199128074556,-0.9075890899214937,-5.124042362040021,-5.2553574444202535
210,0.0,0.0,0.0,0.0,0.0,0.0
211,-0.9025903344796706,-0.9074314487220811,-0.9073137734390367,-0.9057772570248032,-4.767501634716316,-5.357000234063062
212,-0.9085394511683131,-0.9085168877473795,-0.9084985442294599,-0.9085517049905245,-4.629369951570785,-1.8660057275733792
213,-0.9062913407159165,-0.9074530649800313,-0.9061656505158517,-0.9062625636088393,-4.598531946130257,-3.5597975092732415
214,-0.9086396905209911,-0.9087003629811793,-0.9084985442294599,-0.908679934605531,-3.5119925943699535,-2.5678483679589585
215,0.0,0.0,0.0,0.0,0.0,0.0
216,-0.15865214185832807,2.956818181818178,-0.16464929902863473,0.5853534241796641,-3.0598055200000016,-3.5065946000081474
217,-0.8599289866787102,-0.7580743089313176,-0.7505644744318192,-0.8245636946434984,-4.954639764386961,-3.5610099695670465
218,2.956818181818178,-0.12665153794341666,-0.1283130392242548,0.7872204259122586,-3.658396850594303,-3.5755095358251436
219,-0.7959975119860326,-0.8316191435472906,-0.5568099431818192,-0.7572077892621067,-4.332547827450001,-4.793108398061603
220,0.0,0.0,0.0,0.0,0.0,0.0
221,-0.9029258310348209,-0.9025903344796701,-0.905192162701272,-0.9025903344796701,-3.939161843943091,-4.437506792435013
222,-0.8831888763320619,-0.8769893060724439,-0.896261632394822,-0.8806071067776017,-4.231239745105851,-2.5655989574010274
223,-0.9064918158220241,-0.9061656505158516,-0.9073109655422399,-0.9061656505158515,-3.7914955789470963,-4.1359103014681615
224,-0.9078304600219688,-0.9077745427321334,-0.9077745427321333,-0.9079743740961826,-4.5973742372538,-5.079540187568179
225,0.0,0.0,0.0,0.0,0.0,0.0
226,-0.9088257717613217,-0.908824344903257,-0.908824344903257,-0.908857748080844,-2.512761513069124,-3.0784610497344773
227,-0.9062267551176557,-0.9061656505158515,-0.9061656505158515,-0.9071656171983864,-3.5030248040093723,-3.5006790471102005
228,-0.8980678407065406,-0.8950591930890149,-0.9003474046460379,-0.8769893060724439,-5.142252583643374,-4.440120873443435
229,-0.9083499637700249,-0.9084570475561876,-0.9083312445398743,-0.9077745427321335,-5.263013295025014,-5.09662741042716
230,0.0,0.0,0.0,0.0,0.0,0.0
231,-0.9081634744115815,-0.9082469323982962,-0.9080171598222874,-0.906165650515852,-5.137448014138887,-3.5267139073835683
232,-0.9082892948410395,-0.9084113456707098,-0.9077745427321333,-0.9080313586313492,-3.08949432129057,-3.03778743961453
233,-0.9043483827004832,-0.9054668443152977,-0.9025903344796706,-0.905858635757485,-4.565353976139736,-4.43425024264402
234,-0.908324930678905,-0.9081627072392979,-0.9077745427321333,-0.9081032409234593,-3.9138405486431775,-4.9842041365527905
235,0.0,0.0,0.0,0.0,0.0,0.0
236,-0.5013412605397001,-0.4611376544683579,-0.47687968446431045,0.8244753499200397,-1.0,-1.0
237,-0.7560408030204376,-0.5568099431818192,-0.5968270593703742,-0.8192256098771689,-4.8831558721175705,-4.673165768777128
238,-0.5716588192931725,-0.5629054689151056,-0.556968766304732,0.8305681818181798,-4.478542253920755,-4.615313056234384
239,-0.7506470895483228,-0.7493079369346494,-0.12624431818181914,-0.7435018173485528,-5.011502534986162,-4.914073632647237
240,0.0,0.0,0.0,0.0,0.0,0.0
241,-0.9067079736696674,-0.9061656505158517,-0.9074995685155073,-0.9061656505158515,-3.5981381221085895,-4.218406970125705
242,-0.8952205072409636,-0.8946451877325997,-0.8947395982962493,-0.8946451877325997,-3.054627986436554,-3.09823532480439
243,-0.9081438754701536,-0.9077745427321334,-0.9078735156326938,-0.9077745427321333,-4.479075828440736,-1.8616642456115626
244,-0.9072131932385923,-0.9061656505158517,-0.9061656505158515,-0.9076777357396297,-5.097777763273261,-2.4642100000000005
245,0.0,0.0,0.0,0.0,0.0,0.0
246,-0.9087402994760051,-0.9084985442294599,-0.9084985442294599,-0.9086986200672779,-4.541153826366748,-4.596632233658648
247,-0.9032007813051637,-0.90259033447967,-0.90259033447967,-0.90473026645092,-3.113178955960456,-3.0032978122274905
248,-0.9021187860065818,-0.9011498618718143,-0.9001441673768241,-0.8946451877326003,-4.6857338142565625,-4.3336464532126815
249,-0.9086785114661036,-0.9087140881398181,-0.9087165126631083,-0.9084985442294606,-4.7956616501454405,-4.5781808531931665
250,0.0,0.0,0.0,0.0,0.0,0.0
251,-0.9087066703820387,-0.908466045826102,-0.9083907558317046,-0.9077745427321335,-4.187463749525389,-4.512252563888836
252,-0.9074394879859939,-0.907589069745769,-0.906165650515852,-0.9079496512292277,-4.712720768686568,-4.245459232705466
253,-0.9030468434101533,-0.9008569199710396,-0.8946451877326003,-0.9018904470117582,-4.431800169137914,-4.869650271362943
254,-0.9076583341248279,-0.9080937716900205,-0.906165650515852,-0.9076822085402276,-4.638948119529258,-4.225190063799228
255,0.0,0.0,0.0,0.0,0.0,0.0
256,-0.6339923088653628,-0.13716193647764807,-0.6350846967563532,-0.5501142812982294,-1.8437490864956336,-1.8090000000000002
257,-0.5868835388273297,-0.12851079348383912,-0.5550446100720376,-0.5780648892234108,-1.0,-2.99620207679418
258,-0.755266213686132,-0.7487251942335569,-0.7501677032844274,-0.12624431818181914,-4.998866296664251,-4.6226357333870265
259,-0.56878752131334,-0.5758191323582402,0.8305681818181798,-0.5575719680165436,-4.527940294886065,-4.4808485955038995
260,0.0,0.0,0.0,0.0,0.0,0.0
261,-0.9082735078734427,-0.9077745427321334,-0.9081239723945058,-0.9077745427321333,-3.8953063736528897,-3.527083127440882
262,-0.9026584149842112,-0.9025903344796701,-0.9028401788837633,-0.90259033447967,-3.553607965641053,-2.5598895721791033
263,-0.9087232339986822,-0.9084985442294599,-0.9087659576073575,-0.9084985442294599,-4.727898100498133,-4.731736084838949
264,-0.9036863937992201,-0.9025903344796701,-0.9025903344796701,-0.9050327506791987,-4.8330689110268175,-3.887434742391357
265,0.0,0.0,0.0,0.0,0.0,0.0
266,-0.907889588262618,-0.9077745427321333,-0.9077745427321333,-0.907909855403839,-3.940557170593074,-4.083421934590528
267,-0.8976811421065726,-0.8946451877325997,-0.8946451877325997,-0.8956332177357205,-3.5050829265385506,-3.1168049659860237
268,-0.9045271161311764,-0.9048788408412279,-0.9040758801461575,-0.9025903344796706,-3.411496,-4.500587079826451
269,-0.9088759673455524,-0.9089095220842506,-0.9089186453416718,-0.9088243449032571,-4.415971190231032,-4.362538941866078
270,0.0,0.0,0.0,0.0,0.0,0.0
271,-0.908545051192487,-0.9087701263815251,-0.9085560799848205,-0.9084985442294606,-4.1759254941478225,-3.9092041926564196
272,-0.9025903344796706,-0.9072230903391104,-0.9065551666517137,-0.905911611434956,-5.159067488509503,-4.891660932481532
273,-0.8769893060724439,-0.8971454565744315,-0.8981396994237872,-0.8980610367749096,-5.223746502914853,-4.980372889478452
274,-0.9025903344796706,-0.9063180399207135,-0.9059100344018887,-0.9074875910313768,-4.867130598584839,-5.317266608117318
275,0.0,0.0,0.0,0.0,0.0,0.0
276,-0.8243755274612187,-0.5568099431818192,-0.803270218755965,-0.6456138144030388,-4.956292870663063,-4.945733255736433
277,-0.5286664785050265,0.8305681818181798,0.5421452057870473,-0.556911473366389,-4.38486334924379,-3.9151641960000014
278,-0.8285671852986839,-0.8345663797716159,-0.8372321792499494,-0.5568099431818192,-5.218864954255234,-5.172658590342496
279,2.956818181818178,-0.12822324785721978,-0.13927224955268636,-0.12693679857530973,-3.659346991041441,-3.6557573809581183
280,0.0,0.0,0.0,0.0,0.0,0.0
281,-0.9086146181468985,-0.9084985442294599,-0.9086039492473641,-0.9084985442294599,-3.0886682007580477,-3.0772340883633085
282,-0.9061793870414616,-0.9061656505158515,-0.9064110766074956,-0.9061656505158515,-3.046514827870511,-2.485817705962
283,-0.9088845729526956,-0.9088243449032569,-0.908826273923846,-0.908824344903257,-4.868293552826108,-4.081430993948778
284,-0.8989601956180068,-0.8946451877326003,-0.8988358064095642,-0.902139467759379,-4.195904071423703,-4.302794743770222
285,0.0,0.0,0.0,0.0,0.0,0.0
286,-0.9070902012482347,-0.9061656505158515,-0.9070614343825535,-0.9073167850711551,-4.415891890242303,-3.038233559911324
287,-0.891585217164106,-0.8769893060724439,-0.8860999224309907,-0.8890530289425663,-1.8792793786809308,-3.108126667583736
288,-0.9067619732549401,-0.9064453957629791,-0.906354078659062,-0.9061656505158519,-3.959702577366164,-1.83663705744
289,-0.9090056398485802,-0.9089734972441872,-0.909002950171982,-0.9089709552064659,-3.0835617949877827,-3.4504262375140002
290,0.0,0.0,0.0,0.0,0.0,0.0
291,-0.9088488409347584,-0.9089032615750249,-0.9088297516189984,-0.9088243449032571,-4.390623197247088,-4.4269868636345695
292,-0.9061656505158515,-0.9063635930026288,-0.9062769962263102,-0.9061656505158515,-2.550590169239133,-3.0575309085464273
293,-0.8946451877325997,-0.8990456069807812,-0.8965255324937694,-0.8946451877325997,-3.7903887666000005,-3.836336079601738
294,-0.9061656505158515,-0.9065276126425506,-0.9063855499839929,-0.9061656505158515,-2.5352058628885903,-3.537998114152526
295,0.0,0.0,0.0,0.0,0.0,0.0
296,-0.7909829831159428,-0.7831078009154555,-0.7830868506406161,-0.7553186495708152,-2.4831892000000004,-2.46867562
297,-0.39574615060000007,2.956517166057555,-0.34597000000000006,-0.34259400000000007,-2.47848958,-2.464066
298,-0.8174576457756708,-0.8085853966230063,-0.8095939711162802,-0.751229637001962,-3.0723264253996674,-2.477683621
299,-0.4283832960000001,-0.4735395380560655,-0.45728973549000007,0.829395654476436,-1.8090000000000002,-1.0
300,0.0,0.0,0.0,0.0,0.0,0.0
301,-0.9036133964249188,-0.9025903344796701,-0.903032234873314,-0.903032234873314,-3.499438184219793,-1.8090000000000002
302,-0.8915673465434156,-0.8769893060724439,-0.8843500957571926,-0.8864091141522741,-2.44,-2.5233068138131327
303,-0.9064631195763371,-0.9061656505158515,-0.9062257008889879,-0.9063776395561731,-4.707378625485456,-4.54710575110484
304,-0.9088990152859472,-0.908824344903257,-0.9088720760082618,-0.908855283764225,-3.501375839119208,-4.572966061855708
305,0.0,0.0,0.0,0.0,0.0,0.0
306,-0.9090434995913037,-0.9090369298429097,-0.9090381022389239,-0.9090455343872658,-2.540357023879535,-4.196485729601573
307,-0.9085098209979431,-0.9084985442294599,-0.90856399104152,-0.9086505569189418,-3.8685792954751848,-3.863746697828533
308,-0.7505644744318192,-0.8682322027109499,-0.8387747822913023,-0.8378432765918717,-4.740198701158883,-4.736166246235555
309,-0.9025903344796706,-0.907292124187302,-0.9058814640052478,-0.9058253050368547,-5.203312299987436,-5.0105959937893765
310,0.0,0.0,0.0,0.0,0.0,0.0
311,-0.8946451877326003,-0.9050492932657145,-0.9019764674397059,-0.9014427800042576,-4.754523743851419,-5.1331073210805815
312,-0.9088602231266915,-0.908824344903257,-0.9088501698657385,-0.9088293445599505,-1.8754566539772624,-3.7892336958796506
313,-0.9080715627366531,-0.9077745427321334,-0.9078420165417349,-0.9078932147508418,-4.441819571270184,-4.929468099048325
314,-0.9088450324249537,-0.9088243449032569,-0.9088283400450379,-0.9088579700296322,-3.025728617430479,-4.110638378576352
315,0.0,0.0,0.0,0.0,0.0,0.0
316,-0.5468903699236601,0.8305681818181798,-0.15321483313559353,-0.1454051475191025,-4.156310473503453,-4.1549330087399845
317,-0.8650743846109077,-0.8377540134943191,-0.8709691919123054,-0.8712564320366619,-4.777493434182938,-5.040307227203309
318,7.681818181818174,0.789951202661338,2.9278031303669674,2.942382766092134,-1.5536434698390431,-1.5391738460079696
319,-0.8742834226017492,-0.7505644744318192,-0.8378587155947854,-0.8377848355865412,-4.593652401542288,-5.029590421736807
320,0.0,0.0,0.0,0.0,0.0,0.0
321,-0.9063980755425503,-0.9061656505158515,-0.9072308055086193,-0.9066768781150916,-2.5287549085464267,-3.524094250646109
322,-0.8981976835739793,-0.8946451877325997,-0.8954877560428138,-0.897859351730788,-3.8216231456513285,-2.5277180668959343
323,-0.9078770025138336,-0.9077745427321333,-0.9079174298916035,-0.9079624479518567,-3.0637352288458923,-4.5550502096838485
324,-0.9086177102485911,-0.9084985442294569,-0.9084985442294569,-0.9085776002335899,-3.797410645664469,-4.310486720321142
325,0.0,0.0,0.0,0.0,0.0,0.0
326,-0.9089741019738206,-0.9089709552064658,-0.9089709552064656,-0.9089742938754946,-3.512843289251135,-4.420621718677292
327,-0.907814799041278,-0.9077745427321319,-0.9077745427321319,-0.9079477717264871,-4.448390693540156,-3.0343473268121794
328,-0.897548732782005,-0.8946451877326003,-0.9004894227890754,-0.8987602122296203,-3.551499835134635,-2.584932520412681
329,-0.9085372873688686,-0.9084985442294599,-0.9086574939760163,-0.9085594753514333,-4.943974529452432,-4.8182331022496285
330,0.0,0.0,0.0,0.0,0.0,0.0
331,-0.9080417883098953,-0.9077745427321333,-0.9077792082804033,-0.9078710544663862,-4.168095487046898,-4.404403963536616
332,-0.9085361901004491,-0.9084985442294599,-0.9084985442294599,-0.9085650856071776,-3.9305612930027856,-3.8497067280148043
333,-0.9064653038842259,-0.906165650515851,-0.9061656505158506,-0.9066378755611965,-3.8659659434561653,-3.5558062510973607
334,-0.9085279659937933,-0.9084985442294544,-0.9084985442294546,-0.9085625070691508,-2.4833188,-3.108415630779219
335,0.0,0.0,0.0,0.0,0.0,0.0
336,-0.5405076979813801,-0.5498308991935185,-0.5264756458567912,-0.54715293758466,-2.97621,-2.4648580000000004
337,-0.6879694444528861,-0.6993400619228733,-0.6938278555624684,-0.704510479332213,-2.5018673781795404,-1.83769827165
338,-0.6447499486589552,-0.1333943745063674,-0.6327481112518157,-0.6251394260989643,-1.0,-1.8240660000000002
339,-0.6269734845028286,-0.5570744827324718,-0.6133582435526588,-0.6242890855260705,-2.4781267720000004,-3.013428189600001
340,0.0,0.0,0.0,0.0,0.0,0.0
341,-0.907837864617017,-0.9077745427321311,-0.907891872503922,-0.9077745427321312,-3.5784579379644965,-1.84599724973922
342,-0.9048684776765668,-0.9025903344796415,-0.9030260478002405,-0.9025903344796423,-2.5281428028120656,-3.0265138458000003
343,-0.9086204418905333,-0.908498544229459,-0.9085972560936426,-0.9084985442294587,-3.5404756274986577,-4.328243260164555
344,-0.9079911758567697,-0.9077745427321333,-0.9078192504146418,-0.9081277947536237,-5.155070395462919,-4.491467615891648
345,0.0,0.0,0.0,0.0,0.0,0.0
346,-0.9089042631452027,-0.9088243449032569,-0.9088582262186778,-0.9088938370069275,-2.5391940326874423,-4.225675637518527
347,-0.9064897141060771,-0.9061656505158515,-0.9063557098490191,-0.906728909225746,-2.5569134599272267,-3.5650236608709465
348,-0.9027740405600261,-0.9025903344796695,-0.9041179452947434,-0.9025903344796694,-1.0,-2.548984439383375
349,-0.9088404545438499,-0.9088243449032571,-0.9088680103341431,-0.9088243449032569,-4.341024756585232,-3.8414445980113188
350,0.0,0.0,0.0,0.0,0.0,0.0
351,-0.908518437498467,-0.9084985442294599,-0.908559911412611,-0.9084985442294599,-1.827378,-4.5314602998267075
352,-0.9082303547260971,-0.9077745427321333,-0.9080241755743172,-0.9082026992066092,-4.395265931141186,-3.482493178434611
353,-0.9043799463834433,-0.9025903344796706,-0.9035983389085211,-0.9050017356997277,-4.585894698162172,-4.351999003172587
354,-0.9083268142230763,-0.9077745427321333,-0.9080745733736565,-0.907814984609234,-2.4895690201599634,-4.192869930342095
355,0.0,0.0,0.0,0.0,0.0,0.0
356,-0.6004490113701092,-0.5671190419863841,-0.5679168548211999,-0.5714319665764,-1.8162000000000003,-1.0
357,-0.640557669855117,-0.6239085332462376,-0.6565314722911089,-0.6643699386576649,-1.8090000000000002,-2.4713389
358,-0.6644397935851935,-0.5612168241188229,-0.6817478237833376,-0.675494642511907,-1.8234180000000002,-3.0322813434660003
359,-0.6156982055639914,-0.13155516228435593,-0.5905850875386498,-0.5893337037098203,-1.0,-3.0045933000000002
360,0.0,0.0,0.0,0.0,0.0,0.0
361,-0.9085854617106205,-0.9084985442294599,-0.9086306397346277,-0.908566318125708,-3.9087669877125872,-3.8401793129557595
362,-0.90705694388138,-0.9061656505158515,-0.9062139392286048,-0.9063731299325896,-1.8530316874538864,-3.051433461946722
363,-0.9088894744787848,-0.9088243449032569,-0.9088909716513263,-0.9088292723093703,-3.5431093425531737,-3.910505502593912
364,-0.906432446858023,-0.9061656505158485,-0.9061656505158489,-0.9063795392828585,-3.8644518193600303,-4.135405620675564
365,0.0,0.0,0.0,0.0,0.0,0.0
366,-0.9085972539074233,-0.9084985442294025,-0.9084985442294126,-0.9084996575014912,-2.4562,-4.1150267081462575
367,-0.9029464026967381,-0.9025903344796671,-0.9025903344796664,-0.9036486862562636,-1.866710381252469,-4.103557307504213
368,-0.9066929587833806,-0.9061656505158519,-0.9067264550928898,-0.906281553790472,-4.3296889824622795,-3.835355348386427
369,-0.9089883704963876,-0.9089709552064659,-0.9089763958651198,-0.9089928147940798,-4.514235817467389,-3.5476343664952443
370,0.0,0.0,0.0,0.0,0.0,0.0
371,-0.908894785989368,-0.9088243449032571,-0.9088523631966373,-0.9088358569181169,-4.548121817231721,-4.16181594632521
372,-0.8946451877326003,-0.904740865632888,-0.9046702406721828,-0.901100965707057,-5.006656885456435,-5.075166249276257
373,-0.8377540134943191,-0.8923156475068534,-0.8835735103953392,-0.8739845180988779,-5.060064269830929,-4.441662317421416
374,-0.8946451877326003,-0.903479457574288,-0.9045814366610933,-0.9011506683146697,-4.426752741889593,-5.145735328744131
375,0.0,0.0,0.0,0.0,0.0,0.0
376,-0.8528220233071542,-0.7505644744318192,-0.8596787941837315,-0.836545739460685,-4.95219404681889,-4.587969817819936
377,-0.6811877647988498,-0.12624431818181914,-0.4605348763482669,-0.5678773824846652,-4.852190795084904,-4.945135994276981
378,-0.8680884194603715,-0.7505644744318192,-0.8685718563814298,-0.8369572509653633,-5.016200353527599,-5.139296557488383
379,7.681818181818174,0.8187210119245731,0.75124417094336,2.9488562435850207,-1.5566950040306924,-1.5465699014802594
380,0.0,0.0,0.0,0.0,0.0,0.0
381,-0.9089084088166123,-0.9088243449032506,-0.9088303490702534,-0.9088243449032505,-1.8361304226900002,-1.0
382,-0.9078372004216282,-0.9077745427320928,-0.9079348632558897,-0.9077745427320882,-3.9009755502133823,-2.470618
383,-0.9089896108322097,-0.9089709552064654,-0.908984098168733,-0.9089709552064654,-4.01433832,-4.735452981559202
384,-0.9041911803868398,-0.9025903344796701,-0.904062095581709,-0.9029072413518997,-4.363133094229384,-3.8287099608551705
385,0.0,0.0,0.0,0.0,0.0,0.0
386,-0.9078051981628372,-0.9077745427321333,-0.9081859373877949,-0.9078044762583601,-2.5179757226533193,-3.825930320267139
387,-0.8974214699245515,-0.8946451877325997,-0.8948606678677362,-0.8954851132060478,-3.471356836354775,-2.5660057322895606
388,-0.9078380283779224,-0.9077745427321277,-0.9078798710292267,-0.9077745427321282,-4.1142337903351995,-2.4723757
389,-0.9090472837777369,-0.9090369298429083,-0.9090372600386403,-0.9090369298429083,-4.69186884393905,-3.8659073018011076
390,0.0,0.0,0.0,0.0,0.0,0.0
391,-0.908983930676196,-0.9089709552064658,-0.9089742194827501,-0.9089709552064659,-4.147694519522367,-4.706636562070946
392,-0.9025903344796701,-0.9027382515041928,-0.9041375796161859,-0.9025903344796701,-3.798661994442,-2.4634
393,-0.8783663512498332,-0.8824225405119375,-0.8774194015066571,-0.8769893060724439,-2.5489211716829843,-4.6515778716103915
394,-0.9025903344796701,-0.9033757731782313,-0.9029820005262436,-0.9025903344796701,-3.076594270631487,-3.8868099054357703
395,0.0,0.0,0.0,0.0,0.0,0.0
396,-0.8386869388926327,-0.834009301274164,-0.8373887240062631,-0.8331053548527971,-3.8063013517188002,-2.99822083816698
397,-0.512129502747424,0.712740897081058,-0.54674636786298,-0.5177258666943491,-1.8370114622901,-2.9754180000000003
398,-0.8464035404600625,-0.8385214026054222,-0.8381388751971193,-0.8376706635657514,-3.475192171196409,-3.4756917607500135
399,-0.31020760000000003,-0.26821000000000006,-0.3872224,2.9275759334125326,-2.46916,-1.0
400,0.0,0.0,0.0,0.0,0.0,0.0
401,-0.9063447396294475,-0.9061656505158515,-0.906373984960406,-0.9064110766074956,-2.5533404109545255,-2.505897533962
402,-0.896832636596696,-0.8946451877326003,-0.8950366522834083,-0.8953571555125588,-1.8090000000000002,-2.5322910905643816
403,-0.9079966945143612,-0.9077745427321333,-0.9079009601296675,-0.9078398445069659,-4.569035972005813,-4.162452442070894
404,-0.908974374718714,-0.9089709552064658,-0.9089818386693291,-0.9089727703507575,-4.069618859409383,-4.133231584829198
405,0.0,0.0,0.0,0.0,0.0,0.0
406,-0.9090677968595028,-0.9090666184293092,-0.9090681007698056,-0.9090704378322818,-3.8505567268266727,-2.50956349579738
407,-0.9088303490702534,-0.908824344903257,-0.9088270924811808,-0.9088582049478947,-4.071699256881157,-3.0438728542035456
408,-0.7606325859491361,-0.8222393448525118,-0.7552335249033295,-0.7534952867452642,-0.5568099431818192,-5.1294556840450625
409,-0.9012933397787571,-0.9052841236783352,-0.902108763614429,-0.9013720962169658,-0.8946451877326003,-4.202978892023313
410,0.0,0.0,0.0,0.0,0.0,0.0
411,-0.8935229654210817,-0.898433545676035,-0.8936084482345394,-0.8939690232224536,-0.8769893060724439,-5.219276938636256
412,-0.9089738751982959,-0.9089709552064658,-0.908985336824538,-0.9089754795066313,-2.5724969364294927,-3.4920373416002026
413,-0.90859099753356,-0.9084985442294599,-0.9085005876199687,-0.9085540204238702,-1.8162000000000003,-4.170766157348488
414,-0.9089925915612524,-0.9089709552064658,-0.9089867457889272,-0.9090026288137557,-3.07805048934628,-4.512122629187318
415,0.0,0.0,0.0,0.0,0.0,0.0
416,-0.5895754871080034,-0.12624431818181914,-0.5755043157638866,-0.5968998296361367,-4.376190176304728,-0.7324784716107642
417,-0.8924660657436427,-0.8769893060724439,-0.8923424999103212,-0.8934501656191953,-5.124294775955093,-0.8990900003639863
418,7.623335965988273,2.87077639916458,7.662809471839943,7.462779472668793,3.1571330842882013,18.181818181818166
419,-0.8763464777712215,-0.8377540134943191,-0.8756666823223511,-0.8755223771391446,-4.904451173673179,-0.8929192110363695
420,0.0,0.0,0.0,0.0,0.0,0.0
421,-0.9080241755743172,-0.9077745427321333,-0.9081353590012581,-0.9079055834105315,-1.881699708845892,-3.0964210932105853
422,-0.9028270949007842,-0.90259033447967,-0.9042555472064149,-0.9029978210835803,-3.7309869,-2.5149230142155345
423,-0.9086025510460747,-0.9084985442294599,-0.908502714555131,-0.9084987420442171,-4.7312422196475294,-4.367925437286811
424,-0.9088511652201312,-0.9088243448848778,-0.9088243448825929,-0.9088303490702534,-4.571309088522,-3.891286583125082
425,0.0,0.0,0.0,0.0,0.0,0.0
426,-0.9090377647420562,-0.9090369298406178,-0.9090369298410186,-0.9090394349072727,-4.341719017975792,-4.945185628469434
427,-0.9085582361160038,-0.9084985442149767,-0.9084985442129163,-0.9085331457092598,-3.499688931620194,-3.4256836360000005
428,-0.9036048420961922,-0.9025903344796701,-0.9034737174152739,-0.9028172825279284,-4.611404816161995,-3.0180741138
429,-0.9088278102459069,-0.908824344903257,-0.9088951498786949,-0.9088473396180383,-3.075772529204844,-4.305588962122426
430,0.0,0.0,0.0,0.0,0.0,0.0
431,-0.9085315603819917,-0.9084985442294599,-0.9086493777984787,-0.908501824404066,-4.3050902576560794,-4.953840183084159
432,-0.9088533757982729,-0.908824344902389,-0.9088243449023672,-0.9088271492869632,-3.812413189732326,-2.540454697298878
433,-0.907856379156164,-0.9077745426688809,-0.9077745426595141,-0.9078520857471198,-3.5342117547433314,-3.0545094187373865
434,-0.9088291627317804,-0.9088243448996545,-0.9088243448988391,-0.9088294460942443,-3.0155205816720003,-2.5004528200000005
435,0.0,0.0,0.0,0.0,0.0,0.0
436,-0.5069878645861,-0.5476313585766601,-0.5445244581013801,-0.54674636786298,-1.0,-1.8227700000000002
437,-0.6817478237833376,-0.6629600773501587,-0.6844766634246442,-0.6845541785770346,-1.0,-2.512152160065825
438,-0.6504898391994993,-0.6583192970780499,-0.6540867552234455,-0.6564835841461027,-1.0,-1.0
439,-0.6220777979842665,-0.6204511149134667,-0.6407147903219936,-0.6252624540967446,-3.3850180000000005,-2.44
440,0.0,0.0,0.0,0.0,0.0,0.0
441,-0.9086061657435114,-0.9084985442222202,-0.9085548866659535,-0.9084985442216165,-3.537318703856216,-1.0
442,-0.9062382028271619,-0.9061656504597535,-0.9063551101598589,-0.9061656504550086,-1.8,-3.8337592970401464
443,-0.9088485843716082,-0.9088243448848438,-0.9088355118843088,-0.9088243448848887,-4.496926348074779,-3.8202804330796925
444,-0.9085810459672663,-0.9084985442294599,-0.9085612811560124,-0.9086083554458441,-4.791977865856,-4.834633982710324
445,0.0,0.0,0.0,0.0,0.0,0.0
446,-0.9089741142338952,-0.9089709552064658,-0.9089813953110137,-0.9089767963019522,-3.026242512,-2.5483592988941917
447,-0.9078830909523156,-0.9077745427321333,-0.9077908502630514,-0.9080403252479039,-2.4907680370900005,-3.892963251521544
448,-0.9063333165905201,-0.9061656505033179,-0.9066585719770233,-0.9061656505055793,-1.848947917403709,-2.550046738638669
449,-0.9089764979460266,-0.9089709552029834,-0.9089837381809647,-0.9089709552029647,-2.5801436988661184,-4.805097507942213
450,0.0,0.0,0.0,0.0,0.0,0.0
451,-0.9088517115198815,-0.9088243449013496,-0.9088384516662384,-0.9088243449016932,-4.137531389873681,-4.594260510261962
452,-0.9085008374966786,-0.9084985442294599,-0.908557465525925,-0.9085930391294429,-3.531824423131905,-3.5415741646360868
453,-0.9065868349701727,-0.9061656505158519,-0.906657887127865,-0.906496113080539,-2.5287074760813137,-3.5270347731194756
454,-0.9086058504265381,-0.9084985442294599,-0.9085632821069303,-0.9086230817307583,-3.8881929981568737,-4.348787149376137
455,0.0,0.0,0.0,0.0,0.0,0.0
456,-0.54674636786298,-0.5707408878937,-0.5885155830984112,-0.5727288954982601,-1.8090000000000002,-2.4642100000000005
457,-0.650456622453238,-0.6734701710115085,-0.6536492402059972,-0.6581768441355852,-1.0,-1.0
458,-0.6556527109446225,-0.6608155003545094,-0.6561969650959797,-0.6660398863797028,-2.9739600000000004,-1.0
459,-0.6256207279093984,-0.6388848554089638,-0.6256207279093984,-0.6190940652963945,-2.49858658,-2.982618
460,0.0,0.0,0.0,0.0,0.0,0.0
461,-0.9088281041212557,-0.9088243449032569,-0.9088504393112284,-0.9088258601406668,-1.81701,-2.5191095720298646
462,-0.9078339542887757,-0.9077745427321333,-0.9080150010102297,-0.9078939305342988,-2.5535326182567832,-3.490123133441092
463,-0.9089809171492733,-0.9089709552064658,-0.9090022420770132,-0.9089938472729334,-4.7701735790641,-4.729491985760631
464,-0.9078907687100699,-0.9077745427135694,-0.9077745427170085,-0.9079040852947542,-4.109677582841686,-3.8749559392148605
465,0.0,0.0,0.0,0.0,0.0,0.0
466,-0.9088271787456526,-0.9088243448708426,-0.9088243448634964,-0.9088300532532284,-3.0757229692171792,-4.088648626370525
467,-0.9064110766074956,-0.906165650395949,-0.9061656503798439,-0.9062280102732718,-3.046514906718944,-2.48557834189
468,-0.9081833109005429,-0.9077745427321333,-0.9078178551243303,-0.9079154465509377,-4.179205870500018,-4.682778535232044
469,-0.9090399328422003,-0.9090369298429097,-0.9090510118130721,-0.9090445738561718,-3.0711488805262697,-4.736164458625799
470,0.0,0.0,0.0,0.0,0.0,0.0
471,-0.9089957736934291,-0.9089709552064659,-0.9090103975728148,-0.9089785664324546,-4.747326829555574,-4.714008906969194
472,-0.8876724931461435,-0.894958722021106,-0.8988885132534644,-0.8930417493275806,-0.8769893060724439,-4.446081591373297
473,-0.8312384458523617,-0.8757047485279299,-0.869370258245079,-0.837182665321308,-0.7505644744318192,-5.193941316214294
474,-0.8917760168886247,-0.8969504661056653,-0.8993609985704178,-0.892313867762452,-0.8769893060724439,-4.458299538519626
475,0.0,0.0,0.0,0.0,0.0,0.0
476,-0.873437040228157,-0.8377540134943191,-0.8810476269154686,-0.8741197907480424,-4.870734343488273,-0.8897417077135429
477,-0.7436558555142982,-0.5568099431818192,-0.7258395723936444,-0.7496718572941021,-4.136304500846364,-0.8131232617333813
478,-0.874509002382549,-0.8377540134943191,-0.8837043140088505,-0.8748876430073687,-4.870319625551601,-0.8924162610951429
479,6.850117287526395,2.938267674473659,2.699962169973575,7.462779472668793,3.1544189033723846,18.181818181818166
480,0.0,0.0,0.0,0.0,0.0,0.0
481,-0.9089879111836512,-0.9089709551601031,-0.9089737508226041,-0.908970955159744,-1.0,-3.0536372984268465
482,-0.9085521465334989,-0.9084985442007952,-0.9085600709798437,-0.9084985441972622,-3.999246400000001,-2.5492837729833755
483,-0.9090372704953745,-0.9090369298420885,-0.909048707965175,-0.9090369298421309,-3.8533912354250335,-4.382559777305071
484,-0.9067578194540314,-0.9061656505158515,-0.9063287920087187,-0.9069211689911159,-3.1325691464948906,-2.5756511305415586
485,0.0,0.0,0.0,0.0,0.0,0.0
486,-0.9085193323301219,-0.9084985442294599,-0.9085574698771977,-0.9085205183229423,-2.449,-3.8129513347865123
487,-0.9029860003861931,-0.90259033447967,-0.9036589180018213,-0.9028644807113133,-3.4622011301031703,-3.505847383416401
488,-0.9085592563009319,-0.9084985441386505,-0.9085633180244683,-0.9084985441517975,-4.88749874863925,-3.8366519488141497
489,-0.9090674133627038,-0.9090666184288159,-0.9090667044397654,-0.9090666184288325,-4.322592362234551,-4.603221913233766
490,0.0,0.0,0.0,0.0,0.0,0.0
491,-0.9090386753022909,-0.9090369298375987,-0.9090401972545337,-0.9090369298383105,-4.959071119160292,-4.667030521057034
492,-0.8953774734556071,-0.89613966466163,-0.8965711371444485,-0.8946451877326003,-3.484613843840033,-2.520518066895934
493,-0.8659823958516095,-0.8637117142797818,-0.8633318163765029,-0.8377540134943191,-4.441822936177704,-3.4719781416673268
494,-0.898873732856698,-0.8972336399999515,-0.8960410237806514,-0.8946451877326003,-3.47475156626004,-3.57592562476382
495,0.0,0.0,0.0,0.0,0.0,0.0
496,-0.8635028434973884,-0.8636251243340974,-0.8651622964427426,-0.8650438819608817,-3.487559072564484,-3.0199143258100802
497,-0.6447242414507774,-0.35598985728934607,-0.6553234210808576,-0.6481550182315651,-2.4706909,-3.0516224452263465
498,-0.868601865373834,-0.8672184882110716,-0.869994443834041,-0.8686069204757592,-1.8560644299173616,-1.830483621
499,0.24453915401830362,-0.25300000000000006,-0.18900000000000003,7.582703569935358,-1.7668476000000002,-1.0
